Call #;Librarian;TITLE;WEED ISSUES;Available Online;PL Microfiche Holdings;Online Collection
EDUCATION - HIGHER EDUCATION;Lisa Hausman;Academe;2002-2007;from 2002;1987-2007;Open Access eJournals (McGill)|
TL787;All;Ad Astra;None;None;1989-2008;None
HF5801;Crystal Boyce;AdAge;1996-1996;from 1996;1980-1996;Academic OneFile|
HV1;Elizabeth Torres;Administration in Social Work;None;from 1997;1987-1996;Taylor & Francis Journals Current Content (1997-present)|
HF5500;Crystal Boyce;Administrative Management;1985-1988;1985-1988;1975-1988;General OneFile|
HQ793;Tim Martin;Adolescence;1990-1998;1990-2009;1988-1998;Global Issues in Context|
LC5251;Lisa Hausman;Adult Learning;1996-1998;from 1996;1989-1998;General OneFile|
DT1;Elizabeth Torres;Africa Report;1993-1995;1993-1995;1986-1995;EBSCO MAS Complete|
HV1457;All;Aging;1987-1989;1984-1994 1996-1996 from 2009;1987-1989;EBSCO MasterFILE Complete|Free Medical Journals|Academic OneFile|
Q334;All;AI Magazine;1995-2006;from 1980;1995-2006;Academic OneFile|Business Collection|
HE9761.1;All;Air Transport World;1986-2001;from 1984;1986-2001;Small Business Reference Center|Business Source Complete|
HV5285;All;Alcohol Health and Research World;1991-1998;1989-1998;1991-1998;General OneFile|
N6505;Trenton Tubbs;The American art journal;None;None;1987-2001;None
N1;Trenton Tubbs;American Artist;1993-2004;1993-2010;1980-2004;Academic OneFile|
H1;Tim Martin;American Behavioral Scientist;1993-1998;1993-1998 from 1999;1988-1998;Biography in Context|Nursing and Allied Health Collection|
NK1;All;American Craft;2006-2008;from 2006;1980-2008;Small Business Reference Center|
HF5801;Crystal Boyce;American Demographics;1991-2001;1991-2004;1984-2001;Business Collection|
L11;Lisa Hausman;American Education;1984-1985;1984-1985;1972-1985;General OneFile|
L11;Lisa Hausman;American Educational Research Journal;None;from 1999;1987-1998;SAGE Premier 2018|
L11;Lisa Hausman;American Educator;1994-2008;from 1994;1987-2008;Academic OneFile|
HF1;Elizabeth Torres;American Enterprise, The;1993-1998;1993-2006;1990-1998;General OneFile|
GN1;Crystal Boyce;American Ethnologist;1987-2007;1974-2010;1987-2007;Wiley Online Library Anthrosource|
PN1993;All;American Film;None;None;1989-1992;None
E171;Trenton Tubbs;American Heritage;1990-2009;1990-2012 from 2017;1968-2009;Academic OneFile|General OneFile|EBSCO MAS Complete|
HF1;Crystal Boyce;American Import/Export Global Trade;None;None;1988-1988;None
CC1;All;American Journal of Archaeology;1990-2007;1897-2014;1990-2007;JSTOR Free Early Journal Content|JSTOR Arts & Sciences II Collection|
RC584;All;American Journal of Clinical Nutrition, The;1999-2008;1999-2017;1991-2008;Free Access Journals|
RC488.5;Tim Martin;American Journal of Family Therapy, The;None;from 1993;1987-1992;Taylor & Francis Journals Current Content (1997-present)|Psychology and Behavioral Sciences Collection|
RA790.A1;Tim Martin;American Journal of Orthopsychiatry;1987-1989;1930-2001 2002-2009 2010-2013 from 2014;1987-1989;APA PsycArticles|APA PsycArticles|APA PsycArticles|APA PsycArticles|
RC321;All;American Journal of Psychiatry;1997-2008;from 1997;1986-2008;American Psychiatric Publishing Inc|Free Medical Journals|
RC321;Tim Martin;American Journal of Psychoanalysis;None;None;1987-2007;None
BF1;Tim Martin;American Journal of Psychology;1993-2007;1887-1922 1993-2017;1977-2007;Academic OneFile|Nursing and Allied Health Collection|
RA421;Elizabeth Torres;American Journal of Public Health;1988-2002;from 1911;1988-2002;Sustainability Reference Center|Cinahl Complete|
AP2;Crystal Boyce;American Journalism Review;1993-1993;from 1991;1993-1993;Academic OneFile|
PS1;Elizabeth Torres;American Literary History;None;from 2000;1993-1995;Project Muse Journals Standard Collection|
ML1;Trenton Tubbs;American Music;1992-2007;from 1992;1990-2007;Academic OneFile|General OneFile|
PS580;Elizabeth Torres;American Poetry Review, The;1989-1999;from 1989;1987-1999;Biography in Context|
AP2;Elizabeth Torres;American Scholar, The;1974-1974;from 1974;1970-1974;Academic OneFile|
AP2;Elizabeth Torres;American Spectator, The;1990-1990;from 1990;1985-1990;Student Resources in Context|EBSCO MAS Complete|
E169.1;Elizabeth Torres;Americana : The Journal of American Popular Culture, 1900 to Present;None;None;1989-1992;None
S930;Lydia Lee;The Amicus Journal;1993-2001;1993-2001;1987-2001;General OneFile|
PZ1.A1;Elizabeth Torres;Analog Science Fiction & Fact;None;None;1995-2004;None
PZ1.A1;Elizabeth Torres;Analog Science Fiction/Science Fact;None;None;1989-1994;None
QL750;Tim Martin;Animal behaviour;None;from 1995;1992-1994;Elsevier ScienceDirect Journals|
H1;Elizabeth Torres;Annals of the American Academy of Political and Social Science, The;1997-1998;1890-1922 1997-1998 from 1999;1987-1998;Academic OneFile|JSTOR Free Early Journal Content|SAGE Premier 2018|
G3;Matthew Kanekoa;Annals of the Association of American Geographers;1987-2006;1911-2016;1987-2006;JSTOR Arts & Sciences II Collection|Academic Search Complete|
G155.A1;Crystal Boyce;Annals of Tourism Research;None;from 1995;1987-1994;Elsevier ScienceDirect Journals|
GN1;Crystal Boyce;Anthropological Quarterly;2000-2001;from 2000;1987-2001;Academic OneFile|
CC1;All;Antiquity;1993-2001;1993-2017;1988-2001;General OneFile|
TR1;All;Aperture;None;1952-1952;1990-2007;Gallica Journals|
HD9940.U3;All;Apparel Merchandising;None;None;1988-1990;None
QR1;Lydia Lee;Applied and Environmental Microbiology;1996-2007;from 1953;1996-2007;HighWire Press|Free Access Journals|
GN700;All;Archaeology;1999-2007;from 1999;1988-2007;Science Reference Center|
NA1;All;Architectural record;2001-2008;1891-1922 from 2001;1995-2008;Open Access eJournals (McGill)|EBSCO MasterFILE Complete|
HF5736;Crystal Boyce;ARMA Records Management Quarterly;None;None;1988-1998;None
N11;Trenton Tubbs;Art Bulletin, The;1990-2001;1919-1922 from 1975;1990-2001;Taylor & Francis Journals (All Content)|EBSCO MAS Complete|
N1;Trenton Tubbs;Art in America;None;from 2002;1979-1997;Academic Search Complete|
N81;Trenton Tubbs;Art Journal;1987-2001;from 1974;1987-2001;Taylor & Francis Journals (All Content)|
N1;Trenton Tubbs;Artforum International;1993-2009;1993-2017;1989-2009;General OneFile|
HC411;Crystal Boyce;Asian Business;None;None;1988-2002;None
BUSINESS AND ECONOMICS - BANKING AND FINANCE;Crystal Boyce;The Asian Wall Street Journal. Weekly;None;None;1995-2002;None
QB1;All;Astronomy;1992-2008;from 1992;1981-2008;Biography in Context|
AP2;Elizabeth Torres;Atlantic;1987-1988;1984-1993 1995-1995;1987-1988;LitFinder|Academic OneFile|
AP2;Elizabeth Torres;The Atlantic Monthly  (1971-1981);None;None;1970-1981;None
MUSIC;Trenton Tubbs;Audio;None;None;1989-2000;None
QL671;All;Audubon;None;from 2007;1971-1999;Hobbies & Crafts Reference Center|
TL501;All;Aviation Week & Space Technology;2001-2008;from 2001;1984-2008;Academic Search Complete|
E184.M5;Trenton Tubbs;Aztlan;None;None;1987-2008;None
HF5801;Crystal Boyce;B to B;2000-2008;1999-2013;2000-2008;EBSCO MasterFILE Complete|
GV199.6;All;Backpacker;1990-2007;from 1990;1988-2007;Academic OneFile|
BF1;Matthew Kanekoa;Behavioral Science;1990-1996;1990-1996;1987-1996;EBSCO MasterFILE Complete|
DS701;All;Beijing Review;None;from 2006;1990-1991 1994-1995;Academic Search Complete|
DS701;All;Beijing Review;None;from 2006;1990-1991 1994-1995;Academic Search Complete|
Insurance;All;Best's Review;1984-1984 1993-1999;1984-1984 1993-1999;1979-1999;Business Insights: Global|General OneFile|Business Source Complete|
Insurance;All;Best's Review;1984-1984 1993-1999;1984-1984 1993-1999;1979-1999;Business Insights: Global|General OneFile|Business Source Complete|
HG8011;All;Best's Review Life/Health Insurance Edition;1984-1984 1993-1999;1984-1984 1993-1999;1979-1999;General OneFile|EBSCO MasterFILE Complete|
TP659.A1;All;Beverage World;1989-2007;1989-2016;1988-2007;Business Insights: Global|
GV1040;All;Bicycling;1990-2008;from 1990;1989-2008;Biography in Context|
Occupations And Careers;All;Black Collegian;1990-1998;from 1990;1988-1998;Academic Search Complete|Professional Development Collection|
E185.8;Crystal Boyce;Black Enterprise;1990-1998;from 1990;1989-1998;Business Source Complete|
POLITICAL SCIENCE;Elizabeth Torres;The Black Scholar;1991-1992;from 1991;1987-1992;EBSCO MasterFILE Complete|Student Resources in Context|Academic Search Complete|
HF5001;Crystal Boyce;Bloomberg Businessweek;1996-2004;from 1996;1972-2004;Business Source Complete|Business Source Complete|
K5;Lydia Lee;Boston College Environmental Affairs Law Review;1990-1998;from 1990;1980-1998;Academic Search Complete|
HG1921;Crystal Boyce;Bottomline;None;1991-1992;1996-1996;Business Insights: Global|
HF5801;Crystal Boyce;Brandweek;1992-2007;1992-2011;1992-2007;Academic OneFile|
TK6540;All;Broadcasting;1989-1993;1984-1993 1999-1999;1989-1993;Business Insights: Global|Contemporary Womens Issues|
TK6540;All;Broadcasting and Cable;1993-1999;from 1993;1993-1999;Business Collection|
H1;Crystal Boyce;Brookings Review;1990-1998;1990-2003;1987-1998;Educators Reference Complete|
HC108.A75;Crystal Boyce;Business;None;None;1979-1990;None
HF3000;Crystal Boyce;Business America;1980-1998;1980-1998;1978-1998;Small Business Reference Center|
HD7102.U4;All;Business and Health;1989-2001;1989-2002;1988-2001;Academic OneFile|
HF5717;All;Business Communications Review;1991-1993;1991-2007;1989-1993;Small Business Reference Center|
HF5565;Crystal Boyce;Business Credit;1993-1999;from 1991;1993-1999;General OneFile|
HC101;Crystal Boyce;Business Economics;1990-1998;from 1989;1990-1998;Business Source Complete|
BUSINESS AND ECONOMICS;Crystal Boyce;Business History Review;1985-2000;1985-2000 2011-2013;1980-2007;General OneFile|Business Insights: Global|
HG8011;All;Business Insurance;1994-2008;from 1994;1993-2008;Business Insights: Global|Academic OneFile|
HC461;Crystal Boyce;Business Japan;None;None;1988-1991;None
BUSINESS AND ECONOMICS;Crystal Boyce;Canadian Business Review;1989-1996;1989-1996;1988-2004;EBSCO MasterFILE Complete|
MEDICAL SCIENCES - NURSES AND NURSING;Elizabeth Torres;The Canadian Nurse;2004-2007;from 2004;1996-2007;Cinahl Complete|
TL236;All;Car and Driver;None;from 2015;1989-2009;General OneFile|
PSYCHOLOGY;Tim Martin;Career Development Quarterly;1990-1995;from 1990;1986-1995;General OneFile|Student Resources in Context|
H1;Elizabeth Torres;CATO Journal;1993-1998;from 1990;1993-1998;EBSCO America: History and Life with Full Text|Business Insights: Global|EBSCO MasterFILE Complete|
LB2395.7;Lisa Hausman;Cause/effect;1995-1999;1994-1999;1995-1999;Open Access eJournals (McGill)|
E839.5;Elizabeth Torres;The Center Magazine;None;None;1989-1987;None
HF5428;Crystal Boyce;Chain Store Age Executive With Shopping Center Age;1993-1995;1984-1995 1999-2000;1993-1995;Business Source Complete|Business Insights: Global|EBSCO MasterFILE Complete|
LB2300;Lisa Hausman;Change;1990-1991;from 1990;1975-1991;Professional Development Collection|Academic Search Complete|
TP1;Lydia Lee;Chemical & Engineering News;None;None;2001-2007;None
AP2;Elizabeth Torres;Chicago Review;1988-1990;from 1988;1988-1990;Student Resources in Context|General OneFile|
LB1141;Lisa Hausman;Childhood Education;1993-1996;from 1993;1989-1996;Taylor & Francis Journals Current Content (1997-present)|Academic OneFile|
SOCIAL SERVICES AND WELFARE;Elizabeth Torres;Children Today;1990-1996;1990-1996;1989-1997;EBSCO MasterFILE Complete|
Transportation - Automobiles;All;Chilton's Automotive Industries;None;None;1993-1995;None
HF3128;Crystal Boyce;The China Business Review;1990-1998;from 1990;1987-1998;Business Source Complete|
DS701;Trenton Tubbs;The China Quarterly;1987-2003;1960-2013;1987-2003;Cambridge Journals All titles|JSTOR Arts & Sciences II Collection|
Z1035;Crystal Boyce;CHOICE: Current Reviews for Academic Libraries;None;2009-2017;1984-1990;Educators Reference Complete|
Religions And Theology;All;Christian Century, The;1992-2002;from 1992;1960-2002;Academic OneFile|
Religions And Theology;All;Christianity Today;1990-2002;from 1990;1989-2002;Student Resources in Context|
EDUCATION - HIGHER EDUCATION;Lisa Hausman;Chronicle of Higher Education;1999-2009;from 1999;1985-2009;Gale GREENR|
DE1;Trenton Tubbs;Classical Antiquity;None;None;1988-2001;None
L11;Lisa Hausman;Clearing House;1990-1998;from 1990;1990-1998;EBSCO MasterFILE Complete|Taylor & Francis Journals Current Content (1997-present)|
HV1;Elizabeth Torres;Clinical Social Work Journal;None;1997-2017;1987-1996;SCELC Springer Nature 2016 eJournals - Hosted by Springer|
HS2501;All;Club Management;None;None;2003-2003;None
Z671;Crystal Boyce;College and Research Libraries;1993-2008;from 1939;1993-2008;Directory of Open Access Journals (All titles)|
Z671;Crystal Boyce;College and Research Libraries News;None;from 2004;1993-1995;Free Access Journals|
PE1001;Ruth Hanlon;College Composition and Communication;None;None;1996-2007;None
PE1;Ruth Hanlon;College English;None;None;1978-2009;None
Religions And Theology - Judaic;All;Commentary;1990-1990;from 1990;1970-1990;U.S. History in Context|
AP2;Elizabeth Torres;Commonweal;1990-2002;from 1990;1989-2002;Religion and Philosophy Collection|
P91;Elizabeth Torres;Communication Research;1997-1998;1997-1998 from 1999;1990-1998;Academic OneFile|Business Insights: Global|
P87;Ruth Hanlon;Communication Theory;1994-1996;from 1991;1994-1996;Oxford University Press Journals Online|
TK5101.A1;All;Communications News;1992-1995;1984-2009;1992-1995;Academic OneFile|
JA3;Elizabeth Torres;Comparative Political Studies;1997-1998;1997-1998 from 1999;1987-1998;Nursing and Allied Health Collection|SAGE Premier 2018|
H1;Elizabeth Torres;Comparative Studies in Society and History;1988-2005;1958-2014;1988-2005;Cambridge Journals All titles|JSTOR Arts & Sciences II Collection|
HD4973.C643;Crystal Boyce;Compensation and Working Conditions;2001-2001;2001-2001 2007-2012;1997-2001;Business Source Complete|Business Insights: Global|
T385;Matthew Kanekoa;Computer Graphics World;1995-1998;from 1988;1995-1998;Academic Search Complete|Student Resources in Context|
QA76;All;The Computer Journal;None;None;1987-2007;None
Computers;All;Computer Technology Review;1999-2006;from 1999;1997-2006;Business Insights: Global|General OneFile|
RT50.5;Matthew Kanekoa;Computers in Nursing;1996-2002;1996-2002;1991-2002;LWW Total Access Collection 2015 - Q1 with Neurology|
QA76;All;Computerworld;1996-2004;1996-2016;1993-2004;EBSCO MAS Complete|
AP2;Crystal Boyce;Conde Nast Traveler;None;from 2008;1997-2007;EBSCO MasterFILE Complete|
No Call #;All;Congressional Record Index;None;None;1986-1988 1998-1998 2000-2001;None
No Call #;All;Congressional Record Index;None;None;1986-1988 1998-1998 2000-2001;None
No Call #;All;Congressional Record Index;None;None;1986-1988 1998-1998 2000-2001;None
QH75.A1;Lydia Lee;Conservation Biology;1996-2001;from 1987;1996-2001;Wiley Online Library All Journals 2018|JSTOR Life Sciences Collection|
QH76.5.N7;Lydia Lee;Conservationist;1990-1990;1990-1995 from 1995;1979-1990;EBSCO MasterFILE Complete|Science Reference Center|
QH76.5.N7;Lydia Lee;Conservationist;1990-1990;1990-1995 from 1995;1979-1990;EBSCO MasterFILE Complete|Science Reference Center|
Building And Construction - Abstracting, Bibliographies, Statistics;All;Construction Review;1984-1997;1984-1997;1984-1997;Business Source Complete|
CONSUMER EDUCATION AND PROTECTION;Lisa Hausman;Consumer Reports;None;from 1991;1981-1990;Academic OneFile|
CONSUMER EDUCATION AND PROTECTION;Lisa Hausman;Consumers' Research Magazine;1990-1990;1990-2004;1984-1990;EBSCO MAS Complete|
HD72;Crystal Boyce;Contemporary Economic Policy;1994-1996;1994-2017;1994-1996;Gale GREENR|
EDUCATION;Lisa Hausman;Contemporary Education;1997-2000;1997-2001;1983-2000;EBSCO MasterFILE Complete|
QC1;All;Contemporary Physics;1997-2007;from 1997;1996-2007;Taylor & Francis Journals (All Content)|
BF1;Tim Martin;Contemporary psychology;None;None;1996-2004;None
TX901;All;The Cornell Hotel and Restaurant Administration Quarterly;1991-1999;1991-2007;1981-1999;Academic OneFile|
TX901;All;The Cornell Hotel and Restaurant Administration Quarterly;1991-1999;1991-2007;1981-1999;Academic OneFile|
HV7231;Elizabeth Torres;Corrections today;1994-1998;from 1993;1994-1998;Open Access eJournals (McGill)|
BF637.C6;Tim Martin;Counseling Psychologist, The;1998-1998;1998-1998 from 1999;1987-1998;SAGE Premier 2018|General OneFile|
HF5601;Crystal Boyce;CPA Journal, The;1989-1998;from 1989;1989-1998;Business Collection|
H35;Elizabeth Torres;The CQ Researcher;1991-1999;from 1923;1991-1999;CQ Press|
HV6001;Elizabeth Torres;Crime and Delinquency;1997-1998;1997-1998 from 1999;1987-1998;SAGE Premier 2018|Academic OneFile|
HV9261;Tim Martin;Criminal Justice and Behavior;1997-1998;1997-1998 from 1999;1987-1998;Academic OneFile|General OneFile|
HV7231;Trenton Tubbs;Criminal Justice Ethics;1990-1998;from 1990;1990-1998;Legal Collection|EBSCO MasterFILE Complete|
HV6001;Elizabeth Torres;Criminology;None;None;2006-2008;None
RT120.I5;Elizabeth Torres;Critical Care Nurse;1996-2001;from 1981;1996-2001;General OneFile|Academic OneFile|
NX1;Elizabeth Torres;Critical Inquiry;None;None;1987-2001;None
BR1;Lisa Hausman;Cross Currents;1990-2002;from 1990;1976-2002;Humanities International Complete|General OneFile|
AP2;Elizabeth Torres;Current;2007-2008;2007-2016;1981-1982 1989-2008;Academic Search Complete|
AP2;Elizabeth Torres;Current;2007-2008;2007-2016;1981-1982 1989-2008;Academic Search Complete|
D410;Elizabeth Torres;Current History;None;None;1984-1999;None
BF1;Tim Martin;Current Psychology;None;1997-2017;1988-1989;Biography in Context|
Q11;Trenton Tubbs;Daedalus;None;1992-2012;1963-1991;Academic OneFile|
Dance;All;Dance Magazine;1994-1998;from 1994;1984-1998;EBSCO MasterFILE Complete|
TK5105.7;Matthew Kanekoa;Data Communications;1998-1999;1998-1999;1993-1999;General OneFile|
Z699.A1;Crystal Boyce;Database;1988-1998;1988-1999 from 2009;1988-1998;Professional Development Collection|Oxford Journals 2016 Open Access Collection|
BF789.D4;Tim Martin;Death Studies;1993-1993;from 1993;1987-1993;Psychology and Behavioral Sciences Collection|Academic Search Complete|
RL125;All;Dermatology Nursing;1999-2007;1996-2010;1999-2007;Consumer Health Complete|
BF699;Tim Martin;Developmental Psychology;1980-1984;from 1969;1980-1984;APA PsycArticles|
Q1;All;Discover;None;from 2001;1986-1999;EBSCO MAS Complete|
ML1;Trenton Tubbs;Down Beat;None;None;1989-2008;None
QE1;All;Earth Science;None;None;1980-1990;None
DS801;All;The East;None;None;1987-2008;None
DR1;Elizabeth Torres;East European Quarterly;1994-1995;1994-2008;1987-1995;EBSCO MasterFILE Complete|
QH540;Lydia Lee;Ecologist;1994-2007;1994-2012;1994-2007;Science Reference Center|Academic OneFile|
HC101;Crystal Boyce;Economic Indicators;1993-1998;from 1991;1993-1998;Business Source Complete|
HB1;Crystal Boyce;Economic Inquiry;1989-1989;1989-2017;1987-1989;Business Insights: Global|
BUSINESS AND ECONOMICS - ECONOMIC SITUATION AND CONDITIONS;Crystal Boyce;Economist, The;1988-2008;from 1988;1984-2008;Biography in Context|
PN4700;Crystal Boyce;Editor and Publisher;1994-2008;from 1991;1994-2008;Biography in Context|
L11;Lisa Hausman;Education Digest;1994-1997;from 1990;1994-1997;Academic Search Complete|
L11;Lisa Hausman;Education Week;1995-2008;from 1995;1987-2008;Academic OneFile|
LB2805;Lisa Hausman;Educational Administration Quarterly;None;from 1999;1987-1998;SAGE Premier 2018|
BF1;Tim Martin;Educational and Psychological Measurement;1997-1998;1997-1998 from 1999;1988-1998;Europe PubMed Central|PubMed Central fulltext only|
LB1028;Lisa Hausman;Educational Evaluation and Policy Analysis;None;from 1999;1987-1998;SAGE Premier 2018|
LJ75;Lisa Hausman;Educational Forum, The;None;from 1998;1987-1996;Taylor & Francis Journals Current Content (1997-present)|
LB2341;Lisa Hausman;The Educational Record;None;None;1988-1997;None
L11;Lisa Hausman;Educational Theory;1996-1996;1996-2017;1987-1996;Psychology and Behavioral Sciences Collection|
LB2395.7;Lisa Hausman;EDUCAUSE Quarterly;None;None;2000-2008;None
LB2300;Lisa Hausman;EDUCAUSE Review;None;None;2000-2002;None
LB2300;Lisa Hausman;Educause Review;1995-1999;1995-1999;1989-1999;Professional Development Collection|
HN1;All;Ekistics;None;None;1993-1998;None
HD9696.A3;All;Electronic Business;1988-1993 1997-2001;1988-1993 1997-2006;1988-1993 1997-2001;Business Insights: Global|Business Insights: Global|
HD9696.A3;All;Electronic Business;1988-1993 1997-2001;1988-1993 1997-2006;1988-1993 1997-2001;Business Insights: Global|Business Insights: Global|
HD9696.A3;All;Electronic Business Today;1995-1997;1995-1997;1995-1997;General OneFile|
LB1028.5;Lisa Hausman;Electronic Learning;1988-1997;1988-1997;1987-1997;Academic OneFile|
Electronics;All;Electronic News;1999-2002;1991-2002;1999-2007;General OneFile|
HD7106.U5;Crystal Boyce;Employee Benefit Plan Review;1996-2001 2003-2003;1996-2001 from 2003;1993-2003;General OneFile|General OneFile|
K5;Crystal Boyce;Employee Relations Law Journal;1989-2002;from 1989;1988-2002;Business Insights: Global|
BUSINESS AND ECONOMICS - LABOR AND INDUSTRIAL RELATIONS;Crystal Boyce;Employment & Earnings;1997-2001;1997-2008;1996-2001;Business Source Complete|Academic OneFile|
HD4903.5.U58;Crystal Boyce;Employment Relations Today;1996-2007;1991-2017;1996-2007;Business Insights: Global|Business Source Complete|
DA20;Trenton Tubbs;English Historical Review, The;1988-2000;1886-2017;1988-2000;JSTOR Arts & Sciences II Collection|Literature Resource Center|
PE1;Ruth Hanlon;English Journal, The;None;1912-1922;1989-2008;JSTOR Free Early Journal Content|
PE1001;Ruth Hanlon;English Today;None;2001-2017;1988-1996;Cambridge Journals All titles|
HF5001;Crystal Boyce;Entrepreneur;1996-2003;from 1996;1996-2003;Student Resources in Context|Business Source Complete|
UF767;Lydia Lee;Environment;1975-2002;from 1975;1970-2002;EBSCO MasterFILE Complete|Taylor & Francis Journals Current Content (1997-present)|
UF767;Lydia Lee;Environment;1975-2002;from 1975;1970-2002;Sustainability Reference Center|Taylor & Francis Journals Current Content (1997-present)|
HM206;Tim Martin;Environment and Behavior;1997-1998;1997-1998 from 1999;1987-1998;General OneFile|SAGE Premier 2018|
HC110.E5;Lydia Lee;Environmental Action;1990-1990;1990-1996;1980-1990;EBSCO MasterFILE Complete|
GF80;Lydia Lee;Environmental Ethics;None;None;1994-2007;None
TD194;Lydia Lee;Environmental Quality Management;1996-2002;1996-2017;1996-2002;Business Source Complete|
AP2;All;Esquire;1996-2008;from 1996;1982-2008;Biography in Context|General OneFile|
PR1;Elizabeth Torres;Essays in Criticism;None;1997-1998 2006-2007;1988-1995;Project Muse Journals Standard Collection|Academic OneFile|
BUSINESS AND ECONOMICS - INTERNATIONAL COMMERCE;Crystal Boyce;Euromoney;1987-2007;from 1986;1987-2007;Business Source Complete|
HD9525.A2;Crystal Boyce;Europe;1992-2001;1992-2002;1988-2001;General OneFile|
HV1;Elizabeth Torres;Families in Society;None;1920-1988;1990-2008;SAGE Premier 2018|
RA421;Elizabeth Torres;Family & Community Health;1999-2000;from 1999;1995-2000;Cinahl Complete|LWW Total Access Collection 2015 - Q1 with Neurology|
HC411;Crystal Boyce;Far Eastern Economic Review;None;None;1985-2008;None
HD9000.9.U5;Lisa Hausman;FDA Consumer;1989-1990;1984-2007;1989-1990;Business Source Complete|
HV9261;Elizabeth Torres;Federal Probation;None;from 1990;1987-1989;Psychology and Behavioral Sciences Collection|
PN1993;All;Film Comment;2002-2002;from 2002;1984-2002;Academic Search Complete|
Motion Pictures;All;Film Culture;1992-1996;1992-1996;1992-1996;Communication and Mass Media Complete|
PN1993;All;Film Quarterly;None;None;1989-2009;None
SOCIAL SCIENCES: COMPREHENSIVE WORKS;Elizabeth Torres;Finance & Development;1989-2007;from 1989;1985-2007;Business Collection|
HF5679;Crystal Boyce;Financial & Accounting Systems;None;None;1990-1992;None
HG4001;Crystal Boyce;The Financial Manager;None;None;1989-1990;None
BUSINESS AND ECONOMICS - BANKING AND FINANCE;Crystal Boyce;Financial World;1995-1997;1989-1990 1992-1992 1995-1997;1993-1997;EBSCO MAS Complete|Business Source Complete|Academic Search Complete|General OneFile|
TP370;All;Food Technology;None;None;1988-2007;None
BUSINESS AND ECONOMICS;Crystal Boyce;Forbes;1990-2008;from 1990;1970-2008;Business Source Complete|
PB1;Ruth Hanlon;Foreign Language Annals;2004-2005;from 2004;1987-2005;Linguistics Database|
E744;Elizabeth Torres;Foreign Policy;None;from 1990;1975-1989;EBSCO MasterFILE Complete|Academic Search Complete|
K16;Lydia Lee;Fortnightly;1994-1994;1994-1994;1993-1994;General OneFile|
HF5001;Crystal Boyce;Fortune;None;from 1992;1962-1965;Open Access eJournals (McGill)|
DS701;All;Free China Review;None;None;1976-2000;None
HB3730;Crystal Boyce;Futures;None;from 1995;1987-1994;Elsevier ScienceDirect Journals|
CB158;All;Futurist, The;1989-1990;1989-2015;1974-1990;Science in Context|Religion and Philosophy Collection|
AP2;Elizabeth Torres;The Georgia review;None;None;1988-1996;None
QE1;All;Geotimes;None;2000-2008;1991-1994;Open Access eJournals (McGill)|
HQ1060;All;The Gerontologist;None;None;1988-2008;None
HF5549.A2;Crystal Boyce;Getting Results;1996-1997;1996-1997;1996-1997;Business Insights: Global|Business Source Complete|EBSCO MasterFILE Complete|
LC3991;Lisa Hausman;The Gifted Child Quarterly;None;from 1999;1989-1998;SAGE Premier 2018|
HF1;Crystal Boyce;Global Trade & Transportation;1993-1994;1993-1994;1993-1994;Business Insights: Global|
RA960;Elizabeth Torres;H&HN: Hospitals & Health Networks;1993-1994;1993-2017;1993-1994;EBSCO MasterFILE Complete|Academic Search Complete|
LITERARY AND POLITICAL REVIEWS;Elizabeth Torres;Harper's Magazine;1992-2007;1992-2007;1968-2008;EBSCO MasterFILE Complete|Opposing Viewpoints in Context|
L11;Lisa Hausman;Harvard Educational Review;None;None;1989-2007;None
R724;Lydia Lee;Hastings Center Report;1988-1990;1988-2017;1987-1990;Cinahl Complete|Academic OneFile|
Q3;All;The Hawaii Herald;None;None;1980-1988;None
RA773;All;Health;1992-1998;1992-2005 from 2010;1992-1998;Academic Search Complete|Alt-HealthWatch|
HV687.5.U5;Elizabeth Torres;Health and Social Work;1990-1998;1990-2017;1990-1998;Educators Reference Complete|
HEALTH FACILITIES AND ADMINISTRATION;Elizabeth Torres;Health Care Management Review;1997-1998;from 1997;1988-1998;LWW Total Access Collection 2015 - Q1 with Neurology|
HF5686.H7;Elizabeth Torres;Healthcare Financial Management;1994-1998;from 1994;1988-1998;Nursing and Allied Health Collection|
RC681.A1;Elizabeth Torres;Heart & Lung;1995-2008;from 1995;1995-2008;Elsevier ScienceDirect Journals|
T1;All;High Technology Business;1988-1989;1988-1989;1987-1989;General OneFile|
HISTORY;Trenton Tubbs;Historian;None;from 2012;1976-2002;EBSCO Historical Abstracts with Full Text|
HB1;Crystal Boyce;History of Political Economy;None;1997-2017;1975-1996;Project Muse Journals Standard Collection|
RT1;Elizabeth Torres;Holistic Nursing Practice;1999-2007;from 1999;1997-2007;Cinahl Complete|LWW Total Access Collection 2015 - Q1 with Neurology|
Medical Sciences;All;Home Healthcare Nurse;2000-2007;2000-2014;1991-2007;LWW Total Access Collection 2015 - Q1 with Neurology|
RA977.A1;Elizabeth Torres;Hospitals;1989-1993;1984-1993;1989-1993;General OneFile|Academic OneFile|
HF5549.A2;Crystal Boyce;HR Focus;1991-1993;from 1991;1991-1993;Business Collection|
HF5549.A2;Elizabeth Torres;HR Magazine;1991-1998;from 1991;1990-1998;Business Source Complete|
AP2;Elizabeth Torres;The Hudson Review;2001-2001;from 2001;1984-2001;Poetry and Short Story Reference Center|Open Access eJournals (McGill)|
P91.3;Tim Martin;Human Communication Research;1982-1996;from 1974;1982-1996;Oxford University Press Journals Online|
GN1;Crystal Boyce;Human Organization;None;None;1987-2007;None
H1;Elizabeth Torres;Human Relations;1998-1998;from 1998;1989-1998;Academic OneFile|Nursing and Allied Health Collection|
HF5549.15;Crystal Boyce;Human Resource Development Quarterly;1990-1999;from 1990;1990-1999;Wiley Online Library All Journals 2018|Business Source Complete|
HF5549.A2;Crystal Boyce;Human Resource Management;1976-2007;1972-2017;1976-2007;Business Source Complete|
JC571;Elizabeth Torres;Human Rights Quarterly;1992-1999;from 1991;1992-1999;Academic OneFile|General OneFile|
MEDICAL SCIENCES - NURSES AND NURSING;Elizabeth Torres;Image: the Journal of Nursing Scholarship;None;None;1992-1995;None
Q1;Elizabeth Torres;Impact of Science on Society;None;None;1988-1992;None
BUSINESS AND ECONOMICS - SMALL BUSINESS;Crystal Boyce;Inc;1984-1997;from 1984;1982-1997;Small Business Reference Center|
BUSINESS AND ECONOMICS - PRODUCTION OF GOODS AND SERVICES;Crystal Boyce;Industrial Development's Site Selection Handbook;None;None;1985-1988;None
TJ1;Crystal Boyce;Industrial Distribution;1989-2007;1989-2009;1976-2007;Business Collection|
HF5801;Crystal Boyce;Industrial Marketing;None;None;1975-1983;None
TS300;Crystal Boyce;Industry Week;1984-1993;from 1984;1974-1993;General OneFile|
HF5548.2;Matthew Kanekoa;Information Executive;None;from 2002;1997-2001;Business Source Complete|
LIBRARY AND INFORMATION SCIENCES;Crystal Boyce;Information Outlook;1997-2007;from 1997;1997-2007;Educators Reference Complete|
Z699.A1;Crystal Boyce;Information Retrieval & Library Automation;None;None;1988-2003;None
Z678.9.A1;Crystal Boyce;Information Technology & Libraries;1991-2004;from 1991;1989-2004;Consumer Health Complete|
COMPUTERS - COMPUTER INDUSTRY;Matthew Kanekoa;InfoWorld;1992-1997;1992-2007;1988-1997;Vocational and Career Collection|
RA410.A1;All;Inquiry;2001-2007;from 2001;1988-2007;Cinahl Complete|
HG4501;Crystal Boyce;Institutional Investor;1997-2007;from 1997;1997-2007;Business Source Complete|General OneFile|
HD28;Crystal Boyce;International Management;None;None;1988-1994;None
Religions And Theology;All;International Monetary Fund Staff Papers;None;None;1986-1998;None
RT1;Elizabeth Torres;International Nursing Review;None;None;1996-2007;None
HV1;Elizabeth Torres;International Social Work;None;from 1999;1990-1998;SAGE Premier 2018|
HF1410;Crystal Boyce;International Trade Forum;1990-1990;from 1990;1988-1990;Academic OneFile|Business Source Complete|
Conservation;All;International Wildlife;1990-1990;1990-2002;1988-1990;EBSCO MasterFILE Complete|
Computers - Internet;All;InternetWeek;1998-2001;1997-2006;1998-2001;Business Insights: Global|
P1.A1;Ruth Hanlon;IRAL, International Review of Applied Linguistics in Language Teaching;None;2000-2013;1988-1999;Linguistics Database|
TK5105.7;Matthew Kanekoa;IT Architect;2005-2006;2005-2006;2005-2006;Academic OneFile|
R15;All;JAMA: Journal of the American Medical Association;1998-2008;from 1998;1990-2008;American Medical Association|
HC461;Crystal Boyce;Japan 21st;None;None;1992-1996;None
DS801;Elizabeth Torres;Japan Quarterly;None;None;1987-2001;None
LB1050;Lisa Hausman;Journal of Adolescent and Adult Literacy;1995-1999;1989-2011;1995-1999;Literature Resource Center|
RJ550;All;Journal of Adolescent Health;1996-2006;from 1995;1996-2006;Elsevier ScienceDirect Journals|
E151;Trenton Tubbs;Journal of American Studies;1990-1996;1990-1996;1990-1996;Cambridge Journals All titles|
HF3790.8;Crystal Boyce;Journal of Asian business;None;None;1994-1995;None
DS1;Trenton Tubbs;Journal of Asian history;None;None;1987-1995;None
HG23;Crystal Boyce;Journal of Banking and Finance;None;from 1995;1988-1994;Elsevier ScienceDirect Journals|
PN1991;Lisa Hausman;Journal of Broadcasting and Electronic Media;1991-1996;from 1985;1991-1996;Academic OneFile|
BUSINESS AND ECONOMICS;Crystal Boyce;Journal of Business and Psychology;1995-1996;1986-2017;1995-1996;SCELC Springer Nature 2016 eJournals - Hosted by Springer|Business Source Complete|
BUSINESS AND ECONOMICS;Crystal Boyce;Journal of Business Ethics;1987-1996;from 1982;1987-1996;Business Source Complete|
HF5001;Crystal Boyce;Journal of Business Research;None;from 1995;1988-1994;Elsevier ScienceDirect Journals|
RC674;Elizabeth Torres;Journal of cardiovascular nursing;None;from 1998;1989-1995;Cinahl Complete|
LB2343.5;Crystal Boyce;Journal of Career Planning & Employment;None;None;1996-1999;None
RJ499.A1;Elizabeth Torres;Journal of Child and Adolescent Psychiatric and Mental Health Nursing;None;None;1991-1993;None
RJ499.A1;Elizabeth Torres;Journal of Child and Adolescent Psychiatric Nursing;None;None;1994-1998;None
RJ499.A1;Tim Martin;Journal of Child Psychology & Psychiatry;None;2004-2017;1987-1997;Psychology and Behavioral Sciences Collection|
Q183.U6;Lisa Hausman;Journal of College Science Teaching;None;from 2005;1988-1994;Gale GREENR|
P87;Elizabeth Torres;Journal of Communication;1971-1975 1978-2005;from 1951;1971-1975 1978-2005;Communication and Mass Media Complete|
P87;Elizabeth Torres;Journal of Communication;1971-1975 1978-2005;from 1951;1971-1975 1978-2005;Communication and Mass Media Complete|
KF3509.A15;Crystal Boyce;Journal of Compensation and Benefits;None;None;1988-2001;None
QA76.27;Matthew Kanekoa;Journal of Computer Information Systems;2000-2002;from 1998;2000-2002;Business Source Complete|
QA20.C65;Lydia Lee;Journal of Computers in Mathematics and Science Teaching;2000-2006;2000-2006;1987-2007;Academic OneFile|Educators Reference Complete|
DS1;Trenton Tubbs;Journal of Contemporary Asia;None;from 1998;1987-1996;Academic Search Complete|
HT101;Crystal Boyce;Journal of Contemporary Ethnography;1997-1998;1997-1998 from 1999;1987-1998;Academic OneFile|Nursing and Allied Health Collection|
BF408;Tim Martin;The Journal of Creative Behavior;None;None;2004-2007;None
BF728;Tim Martin;Journal of Cross-Cultural Psychology;1997-1998;1997-1998 from 1999;1990-1998;SAGE Premier 2018|Nursing and Allied Health Collection|
HC101;Crystal Boyce;Journal of Economics and Business;None;from 1995;1988-1994;Elsevier ScienceDirect Journals|
RT120.E4;Elizabeth Torres;Journal of Emergency Nursing;1996-2006;from 1995;1996-2006;Elsevier ScienceDirect Journals|
E184.A1;Trenton Tubbs;The Journal of Ethnic Studies;None;None;1981-1992;None
HD28;Crystal Boyce;The Journal of European Business;None;None;1989-1994;None
L11;Lisa Hausman;Journal of Experimental Education, The;1994-1996;from 1994;1987-1996;Taylor & Francis Journals Current Content (1997-present)|Psychology and Behavioral Sciences Collection|
HQ1;Tim Martin;Journal of Family and Economic Issues;1997-1998;1997-2017;1992-1998;SCELC Springer Nature 2016 eJournals - Hosted by Springer|
HQ1;Elizabeth Torres;Journal of Family Issues;None;1997-1998 from 1999;1983-1996;SAGE Premier 2018|General OneFile|
RC954;Elizabeth Torres;Journal of Gerontological Nursing;2003-2007;2003-2010;1996-2007;Cinahl Complete|
HV1451;All;Journal of Gerontological Social Work;None;from 1998;1991-1996;Taylor & Francis Journals Current Content (1997-present)|
RC952.A1;All;Journal of Gerontology;None;None;1987-1994 2001-2008;None
RC952.A1;All;Journal of Gerontology;None;None;1987-1994 2001-2008;None
RA410.A1;Elizabeth Torres;Journal of Health Care Finance;None;None;1994-1999;None
LB1715;Tim Martin;The Journal of Humanistic Counseling, Education and Development;1999-2001;1999-2010;1999-2001;Psychology and Behavioral Sciences Collection|
LB1715;Tim Martin;Journal of Humanistic Counseling, Education and Development;1994-1999;1994-1999 2001-2010;1987-1999;General OneFile|Educators Reference Complete|
BF1;Tim Martin;Journal of Humanistic Psychology, The;1997-1998;1997-1998 from 1999;1987-1998;General OneFile|Academic OneFile|
HF1;Crystal Boyce;Journal of International Business Studies;1990-1990;from 1990;1982-1990;Springer|Business Source Complete|
K10;Crystal Boyce;Journal of Law & Economics;1997-2002;from 1997;1979-2002;University of Chicago Press Journals Current Access all titles|
GV1;All;Journal of Leisure Research;None;1993-2016;1987-1991;Educators Reference Complete|
HG1507;Crystal Boyce;Journal of Lending and Credit Risk Management, The;1996-2000;1996-2000;1996-2000;Business Insights: Global|
MEDICAL SCIENCES - NURSES AND NURSING;Elizabeth Torres;Journal of Midwifery & Women's Health;None;None;2000-2007;None
BF353;Tim Martin;Journal of Nonverbal Behavior;None;1992-2017;1987-1991;Communication and Mass Media Complete|SCELC Springer Nature 2016 eJournals - Hosted by Springer|
MEDICAL SCIENCES - NURSES AND NURSING;Elizabeth Torres;Journal of Nurse Midwifery;None;None;1996-1999;None
RT89;Elizabeth Torres;Journal of Nursing Administration;1996-2001;from 1996;1995-2001;LWW Total Access Collection 2015 - Q1 with Neurology|
MEDICAL SCIENCES - NURSES AND NURSING;Elizabeth Torres;Journal of Nursing Education;1995-2008;1962-2010;1995-2008;Cinahl Complete|
QP141.A1;All;Journal of Nutrition Education;1995-2001;1995-2001;1994-2001;Elsevier ScienceDirect Journals|
TX341;All;Journal of Nutrition in Recipe & Menu Development;None;from 1998;1996-1996;Taylor & Francis Journals Current Content (1997-present)|
RG951;Elizabeth Torres;Journal of Obstetric, Gynecologic, and Neonatal Nursing;1997-2007;1997-2015 2017-2017;1996-2007;Wiley Online Library 2015|Elsevier ScienceDirect Journals|
QA76.9.M3;Crystal Boyce;Journal of Organizational and End User Computing;2004-2007;2004-2016;2004-2007;Student Resources in Context|
HD56;Crystal Boyce;Journal of Organizational Excellence;2000-2004;2000-2006;2000-2004;Business Source Complete|
BF1001;Tim Martin;The Journal of Parapsychology;1992-1993;from 1992;1987-1993;Academic OneFile|
HV7551;Elizabeth Torres;Journal of Police Science and Administration;None;None;1987-1988 1990-1990;None
HV7551;Elizabeth Torres;Journal of Police Science and Administration;None;None;1987-1988 1990-1990;None
PN1993;All;Journal of Popular Film and Television;1990-1998;from 1990;1988-1998;Taylor & Francis Journals Current Content (1997-present)|Communication and Mass Media Complete|
HG4501;Crystal Boyce;Journal of Portfolio Management;2000-2001;2000-2016;1988-2001;Business Insights: Global|
RT1;Elizabeth Torres;Journal of Practical Nursing;None;None;1996-2007;None
RT1;Elizabeth Torres;Journal of Professional Nursing;None;None;1991-2005;None
HQ768;Tim Martin;The Journal of Psychohistory;2007-2007;from 2007;1986-2007;Academic Search Complete|
RC440;Elizabeth Torres;Journal of Psychosocial Nursing & Mental Health Services;2003-2008;2003-2010;1995-2008;Cinahl Complete|
LB1050;Lisa Hausman;Journal of Reading;None;None;1989-1995;None
HV6001;Elizabeth Torres;Journal of Research in Crime and Delinquency;1997-1998;1997-1998 from 1999;1990-1998;Academic OneFile|General OneFile|
HG1501;Crystal Boyce;Journal of Retail Banking;1993-1995 1995-1995;1990-1995 1995-1999;1993-1995;Business Insights: Global|Academic OneFile|
LB3401;Lisa Hausman;The Journal of School Health;1989-1996;1989-2009;1989-1996;Educators Reference Complete|
RC467;Tim Martin;Journal of Social and Clinical Psychology;None;None;1987-2003;None
HV1;Elizabeth Torres;Journal of Social Policy;None;2010-2013;1987-1996;Cambridge Journals All titles|
HV11;Elizabeth Torres;Journal of Social Work Education;1991-1996;from 1990;1991-1996;Academic Search Complete|General OneFile|
H1;Crystal Boyce;Journal of Social, Political and Economic Studies, The;None;2009-2016;1990-1999;General OneFile|
HD28;Crystal Boyce;Journal of Systems Management;1989-1996;1989-1996;1989-1996;Business Insights: Global|
LB1705;Lisa Hausman;Journal of Teacher Education;1997-1998;from 1997;1986-1998;General OneFile|
BV1460;All;Journal of the American Academy of Religion;None;1996-2017;1992-1992;Academic Search Complete|
RM214;All;Journal of the American Dietetic Association;1991-1994;1989-2011;1991-1994;General OneFile|Academic OneFile|
MEDICAL SCIENCES - NURSES AND NURSING;Elizabeth Torres;Journal of the Association of Nurses in AIDS Care;None;from 1995;1993-1994;Academic OneFile|
RJ245;Elizabeth Torres;Journal of the Society of Pediatric Nurses;None;None;1996-2001;None
G155.A1;Crystal Boyce;Journal of Travel Research;None;from 1998;1990-1997;Academic OneFile|Nursing and Allied Health Collection|
RC952.A1;Tim Martin;The journals of Gerontology. Series B, Psychological Sciences and Social Sciences;None;None;1995-2007;None
R31;All;The Lancet;None;from 1995;1991-1994;Elsevier ScienceDirect Journals|
P1;Ruth Hanlon;Language;1990-1999;from 1974;1990-1999;Project Muse Journals Standard Collection|
LB1576.A1;Ruth Hanlon;Language Arts;None;None;1989-2008;None
P1;Ruth Hanlon;Language Learning;None;None;1980-1994;None
AP20;All;Le Nouvel Observateur;None;None;from 1994;None
LB1028.5;Lisa Hausman;Learning and Leading with Technology;2000-2008;2000-2014;1995-2008;Academic OneFile|
L13;Lisa Hausman;Liberal Education;1990-2001;from 1990;1987-2001;Academic OneFile|
AP2;All;Life;1996-2000;1936-1972 1996-2000;1984-2000;Military and Government Collection|EBSCO MasterFILE Complete|
LC5251;Lisa Hausman;Lifelong Learning;None;None;1988-1989;None
HQ1;Tim Martin;Lifestyles;None;None;1985-1991;None
PN2;Elizabeth Torres;Literature East & West;None;None;1999-1999;None
General Interest Periodicals - Canada;All;Maclean's;1994-2008;from 1989;1994-2008;EBSCO MAS Complete|
TT500;Jerome Nicolas;Mademoiselle;None;None;1987-2001;None
HF5686.C8;Crystal Boyce;Management Accounting;1996-1999;1991-1999;1996-1999;Academic OneFile|
HD30.3;Crystal Boyce;Management Communication Quarterly;None;from 1999;1987-1998;SAGE Premier 2018|
HD28;Crystal Boyce;Management International Review;1992-2002;from 1992;1975-2002;General OneFile|
HF5548;Crystal Boyce;Managing Office Technology;1993-1996;1993-1998;1993-1996;Academic OneFile|
SH11;All;Marine Fisheries Review;1996-2001;from 1971;1996-2001;Science Reference Center|
TN264;All;Marine Georesources & Geotechnology;1998-2001;from 1998;1996-2001;Computer Source: Consumer Edition|
GC1;All;Marine Technology Society Journal;1999-2000;1999-2016;1996-2000;Ingenta Journals|
HQ536;Elizabeth Torres;Marriage & Family Review;None;from 1998;1995-1995;Taylor & Francis Journals Current Content (1997-present)|
AS30.M3;Elizabeth Torres;Massachusetts Review;1990-2002;from 1990;1988-2002;Academic Search Complete|
QA1;Lydia Lee;The Mathematical Intelligencer;1996-2001;1993-2017;1996-2001;SCELC Springer Nature 2016 eJournals - Hosted by Springer|Science Reference Center|
RG951;Elizabeth Torres;MCN, American Journal of Maternal Child Nursing;1996-2008;from 1996;1995-2008;LWW Total Access Collection 2015 - Q1 with Neurology|
HF6146.T42;Crystal Boyce;Media Week;1998-2007;1991-2011;1998-2007;Contemporary Womens Issues|
HG4028.M4;Crystal Boyce;Mergers and Acquisitions;1993-2007;from 1991;1993-2007;Academic OneFile|Contemporary Womens Issues|
PS379;Elizabeth Torres;MFS Modern Fiction Studies;None;from 1985;1983-1984;Project Muse Journals Standard Collection|
QR1;Lydia Lee;Microbiological Reviews;1995-1996;1978-1996;1995-1996;Europe PubMed Central|
DS1;Elizabeth Torres;Middle East Journal;2006-2007;from 2006;1987-2007;Academic Search Complete|Project Muse Journals Standard Collection|
RG950;Elizabeth Torres;Midwifery;1999-2007;from 1995;1999-2007;Elsevier ScienceDirect Journals|
RA418.3.U6;Elizabeth Torres;The Milbank Quarterly;1997-1998;1997-2017;1987-1998;Business Source Complete|
AP2;Elizabeth Torres;Modern Age;1988-2008;from 1957;1988-2008;Literature Resource Center|
LITERATURE;Elizabeth Torres;Modern Drama;1988-2001;from 1958;1988-2001;Literature Resource Center|
CONSUMER EDUCATION AND PROTECTION;Lisa Hausman;Money;1981-2008;from 1978;1981-2008;Business Source Complete|
Q11;All;Mosaic;None;None;1983-1991;None
AP2;All;Mother Earth News;1995-2002;from 1990;1995-2002;Middle Search Plus|
AP2;Elizabeth Torres;Mother Jones;1990-2008;from 1990;1988-2008;Student Resources in Context|
RT1;Elizabeth Torres;N and HC: Perspectives on Community;1996-1997;1996-1997;1996-1997;General OneFile|
ART;Trenton Tubbs;Nation;1970-1975;from 1900;1970-1975;Points of View Reference Center|
G1;Matthew Kanekoa;National Geographic;1995-2008;from 1995;1978-2008;EBSCO MAS Complete|General OneFile|
G1;Crystal Boyce;National Geographic Traveler;2002-2007;from 2002;1987-2007;EBSCO MasterFILE Complete|
HD56;Crystal Boyce;National Productivity Review;1994-2000;1981-2000;1994-2000;Wiley Online Library All Journals 2018|
S964.U6;All;National Wildlife;1990-2002;from 1990;1989-2002;Academic OneFile|
UA646.3;Elizabeth Torres;NATO review;None;from 1998;1984-1991;Open Access eJournals (McGill)|
QH1;All;Natural History;1969-2003;from 1918;1969-2003;Academic OneFile|EBSCO MAS Complete|
Q1;All;Nature;1997-1997;1869-1875 from 1997;1995-1997;Nursing and Allied Health Collection|Academic OneFile|
TK5105.7;Matthew Kanekoa;Network Magazine;None;None;1998-2002;None
R11;All;New England Journal of Medicine;1990-2008;from 1990;1989-2008;Free Medical Journals|Massachusetts Medical Society|
F1;Elizabeth Torres;The New England Quarterly;None;None;1988-2007;None
PN2;Elizabeth Torres;New England Review;2006-2007;from 2006;1990-2007;Academic OneFile|
PN2;Elizabeth Torres;New England review and bread loaf quarterly;None;None;1988-1990;None
E839.5;Elizabeth Torres;New perspectives quarterly;1988-2008;from 1984;1988-2008;Open Access eJournals (McGill)|
AP2;Elizabeth Torres;New Republic;1970-1990;from 1914;1970-1990;Points of View Reference Center|
Q1;All;New Scientist;1984-1989 2000-2006;1956-1989 from 2000;1984-2006;Nursing and Allied Health Collection|EBSCO MAS Complete|Open Access eJournals (McGill)|Business Collection|
AP4;Elizabeth Torres;New Statesman;None;None;2006-2008;None
F128.1;Elizabeth Torres;New York;2002-2008;from 2002;1989-2008;InfoTrac Newsstand|
AP2;Elizabeth Torres;The New York Review of Books;None;from 2014;1989-2008;Flipster|
LITERARY AND POLITICAL REVIEWS;Elizabeth Torres;New Yorker, The;1987-1989 2002-2009;1987-1989 from 2002;1980-2009;LitFinder|Student Resources in Context|
AP2;All;Newsweek;1990-2008;from 1990;1970-2008;Vocational and Career Collection|U.S. History in Context|
HD62.6;Crystal Boyce;Nonprofit Management & Leadership;1998-1998;1998-2017;1990-1998;Business Source Complete|
AG305;Crystal Boyce;Notes and Queries;1995-1998;1993-1998;1995-2007;Academic OneFile|
RT1;Elizabeth Torres;Nurse Practitioner;None;from 2001;1996-2000;LWW Total Access Collection 2015 - Q1 with Neurology|
RT89;Elizabeth Torres;Nursing Administration Quarterly;None;from 1999;1996-1998;LWW Total Access Collection 2015 - Q1 with Neurology|Cinahl Complete|
RT1;Elizabeth Torres;Nursing and Health Care Perspectives;1997-2001;1997-2001;1997-2001;Educators Reference Complete|
RT1;Elizabeth Torres;Nursing Research;None;from 1996;1995-1995;LWW Total Access Collection 2015 - Q1 with Neurology|
RT11;Elizabeth Torres;Nursing Standard;2002-2008;2002-2014;1995-2008;Academic Search Complete|Nursing and Allied Health Collection|
MEDICAL SCIENCES - NURSES AND NURSING;Elizabeth Torres;Nursing Times;None;None;1995-2008;None
TX341;All;Nutrition Reviews;None;None;1989-2002;None
RC963;Elizabeth Torres;Occupational Health & Safety;2003-2007;from 2003;1988-2007;Open Access eJournals (McGill)|
DU28;Crystal Boyce;Oceania;1993-1993;1993-2017;1987-1993;Academic OneFile|
GC1;All;Oceanus;1992-1998;from 1992;1969-1998;Gale GREENR|Open Access eJournals (McGill)|
HC240.A1;Crystal Boyce;OECD Observer;1976-1983;1969-2017;1976-1983;General OneFile|Academic OneFile|Business Source Complete|
TN860;All;Oil & Gas Journal;1989-2003;1989-2003;1979-2008;Business Insights: Global|
AP2;Elizabeth Torres;Omni;1990-1990;1990-1995;1982-1990;Academic OneFile|
RC266;Elizabeth Torres;Oncology Nursing Forum;None;2000-2017;1990-1999;Academic OneFile|
S930;Lydia Lee;OnEarth;2001-2003;from 2001;2001-2003;General OneFile|Student Resources in Context|
Z699.A1;All;Online;1988-1993;1988-2012;1988-1993;Computer Source: Consumer Edition|
D839;Elizabeth Torres;Orbis;1990-2001;1990-2001;1978-2006;General OneFile|EBSCO MasterFILE Complete|
HB31;Crystal Boyce;Oxford Economic Papers;1998-2007;1938-2012;1998-2007;Academic OneFile|
F851;Trenton Tubbs;Pacific Historical Review;None;None;1980-2001;None
DU29;Elizabeth Torres;Pacific Review, The;1998-1998;from 1998;1990-1998;Taylor & Francis Journals Current Content (1997-present)|
QH1;All;Pacific Science;1977-1980;from 1947;1977-1980;Academic OneFile|Project Muse Journals Standard Collection|General OneFile|
BL1;All;Parabola;None;None;1996-2002;None
PN6099.6;Elizabeth Torres;Parnassus : Poetry in Review;1990-2002;from 1990;1990-2002;Humanities International Complete|EBSCO MasterFILE Complete|
LITERARY AND POLITICAL REVIEWS;Elizabeth Torres;Partisan Review;1980-2003;1934-2003;1980-2003;General OneFile|
QA76.75;All;PC World;1991-1995;from 1991;1986-1995;Business Collection|Vocational and Career Collection|
L11;Lisa Hausman;Peabody Journal of Education;None;from 1998;1987-1990 1992-1995;Taylor & Francis Journals Current Content (1997-present)|
L11;Lisa Hausman;Peabody Journal of Education;None;from 1998;1987-1990 1992-1995;Taylor & Francis Journals Current Content (1997-present)|
RJ245;Elizabeth Torres;Pediatric Nursing;1996-2001;from 1996;1990-2001;Nursing and Allied Health Collection|
HD7105.45.U6;Elizabeth Torres;Pension Management;1994-1996;1994-1996;1993-1996;General OneFile|
HD7106.U5;Crystal Boyce;Pensions and Investments;1996-1996;from 1996;1990-1996;Business Insights: Global|
BF698.A1;Tim Martin;Personality and Social Psychology Bulletin;1997-1998;from 1997;1994-1998;Biography in Context|Educators Reference Complete|
HF5549.A2;Crystal Boyce;Personnel;1989-1991;1989-1991;1980-1991;General OneFile|
HF5549.A2;Crystal Boyce;Personnel Journal;1991-1993;1991-1996 1997-2003;1978-1993;Business Source Complete|Contemporary Womens Issues|
HISTORY;Trenton Tubbs;Perspectives;1988-2001;1988-2007;1987-2001;EBSCO MasterFILE Complete|
PHILOSOPHY;Trenton Tubbs;Philosophical Review, The;1979-2002;1892-2012;1979-2002;General OneFile|JSTOR Free Early Journal Content|
B1;Trenton Tubbs;Philosophy East and West;1994-2001;from 1994;1987-2001;World History in Context|Academic Search Complete|
Medical Sciences - Sports Medicine;All;The Physician and Sportsmedicine;None;None;1994-2005;None
HD28;Crystal Boyce;Planning Review;None;None;1984-1996;None
PS301;Elizabeth Torres;Poetry;1998-1998;1912-1922 from 1998;1987-1998;JSTOR Free Early Journal Content|Poetry and Short Story Reference Center|
H1;Elizabeth Torres;Policy Studies Journal;1992-2001;1992-2017;1987-2001;Academic Search Complete|Global Issues in Context|
TR1;All;Popular Photography;None;None;1989-2002;None
TR1;All;Popular photography & imaging;None;None;2003-2008;None
HB881.A1;All;Population bulletin;1998-2008;from 1998;1991-2008;Open Access eJournals (McGill)|
HF5601;Crystal Boyce;The Practical Accountant;1994-1996;1994-2009;1994-1996;Business Source Complete|
RA421;Jerome Nicolas;Prevention;1994-2008;from 1990;1994-2008;Health Reference Center Academic|
HV7231;Elizabeth Torres;Prison Journal;1996-1998;1994-1998 from 1999;1996-1998;Nursing and Allied Health Collection|Academic OneFile|
HX1;Elizabeth Torres;Problems of Communism;None;None;1989-1992;None
Q11;All;Proceedings of the National Academy of Sciences of the United States of America;1993-1999;1915-2017;1993-1999;PubMed Central|JSTOR Free Early Journal Content|PubMed Central fulltext only|
G3;Matthew Kanekoa;Professional Geographer;1987-2001;from 1984;1987-2001;Academic Search Complete|Taylor & Francis Journals (All Content)|
AP2;Elizabeth Torres;Progressive;1990-1990;from 1990;1985-1990;Contemporary Womens Issues|
TX343;All;Progressive Grocer;1993-2007;from 1984;1993-2007;Vocational and Career Collection|
RA973.5;Elizabeth Torres;Provider;None;from 2008;1996-2000;Open Access eJournals (McGill)|
JA28;Elizabeth Torres;PS: Political Science and Politics;1988-2000;1988-2014;1981-2000;Academic OneFile|
RC321;All;Psychiatry;2003-2003;2003-2014;1993-2003;Academic Search Complete|
BF1;Tim Martin;Psychological Abstracts;None;None;1996-1997;None
BF1;Tim Martin;Psychological Review;1996-2002;1894-1895 1896-1905 1906-1911 1912-1937 from 1938;1996-2002;APA PsycArticles|APA PsycArticles|APA PsycArticles|APA PsycArticles|APA PsycArticles|
BF1;Tim Martin;Psychology;None;None;1976-2000;None
BF1;Tim Martin;Psychology and Education;None;None;2001-2002;None
PSYCHOLOGY;Tim Martin;Psychology Today;None;from 1992;1977-1989;EBSCO MAS Complete|
PUBLIC HEALTH AND SAFETY;Elizabeth Torres;Public Health Reports;1988-2008;from 1878;1988-2008;Europe PubMed Central|
HM263;Crystal Boyce;Public Relations Review;1994-1995;from 1994;1988-1995;Academic OneFile|Educators Reference Complete|
HV1;Elizabeth Torres;Public Welfare;None;1990-1998;1975-1989;Academic OneFile|
QH301;Lydia Lee;The Quarterly Review of Biology;1994-2002;1926-2017;1994-2002;JSTOR Life Sciences Collection|Academic Search Complete|
HC10;Crystal Boyce;The Quarterly Review of Economics & Business;1989-1991;1989-1991;1980-1991;Academic OneFile|
HC10;Crystal Boyce;Quarterly Review of Economics & Finance;1994-1994;from 1994;1992-1994;EBSCO MasterFILE Complete|Business Source Complete|
PN4700;Crystal Boyce;Quill;1990-1993;from 1989;1990-1993;Communication and Mass Media Complete|General OneFile|
General Interest Periodicals - United States;All;Reader's digest;None;None;1984-2008;None
HD251;All;Real Estate Review;None;None;1990-2004;None
RT120.R4;Elizabeth Torres;Rehabilitation Nursing;None;None;1996-2007;None
RT81.5;Elizabeth Torres;Research in Nursing & Health;None;None;1996-2005;None
Z675.U5;Crystal Boyce;Research Strategies;1997-1997;1997-2005;1983-1997;Elsevier ScienceDirect Journals|
TP628;All;Restaurant Business;1984-2007;from 1984;1982-2007;Contemporary Womens Issues|
E185.5;Crystal Boyce;Review of Black Political Economy, The;None;1990-2017;1987-1989;General OneFile|Business Source Complete|
HF5001;Crystal Boyce;Review of Financial Economics;1992-1994;1991-2017;1992-1994;General OneFile|Elsevier ScienceDirect Journals|
JA1;Elizabeth Torres;Review of Politics, The;None;1992-2000 2010-2013;1987-1990;Academic OneFile|General OneFile|
HC101;Trenton Tubbs;Review of Radical Political Economics;None;from 1999;1988-1998;SAGE Premier 2018|
HG1507;Crystal Boyce;RMA Journal, The;2000-2008;from 2000;2000-2008;Business Insights: Global|
RT1;Elizabeth Torres;RN;1988-1999;1937-2009;1988-1999;Business Insights: Global|
TL1;All;Road & Track;None;from 2017;1989-2009;Academic OneFile|
MUSIC;Trenton Tubbs;Rolling Stone;None;None;1984-2008;None
GV1061;All;Runner's world;1990-2008;from 1990;1989-2008;Open Access eJournals (McGill)|
HF5438;Crystal Boyce;Sales and Marketing;1984-2008;1984-2010 from 2012;1976-2008;General OneFile|General OneFile|
HF5438;Crystal Boyce;Sales and Marketing;1984-2008;1984-2010 from 2012;1976-2008;General OneFile|Business Collection|
AS30;Trenton Tubbs;Salmagundi;None;from 2011;1974-1979 1992-1997;Poetry and Short Story Reference Center|
AS30;Trenton Tubbs;Salmagundi;None;from 2011;1974-1979 1992-1997;Poetry and Short Story Reference Center|
LITERARY AND POLITICAL REVIEWS;Elizabeth Torres;Saturday review;1975-1986;1925-1986;1975-1986;Open Access eJournals (McGill)|
Sports And Games;All;Scholastic Coach and Athletic Director;1994-1995;1994-1995;1994-1995;Educators Reference Complete|
Q1;Lydia Lee;School Science and Mathematics;1999-2002;1999-2011;1989-2002;Educators Reference Complete|
Sciences: Comprehensive Works;All;Science;1970-2008;1880-2012;1970-2008;Student Resources in Context|JSTOR Free Early Journal Content|
H1;Elizabeth Torres;Science & Society;None;None;1987-2000;None
Q1;Matthew Kanekoa;Science Digest;None;None;1972-1986;None
Q1;All;Science News;1988-2002;from 1975;1988-2002;Gale GREENR|
LB1585.3;Lisa Hausman;Science Scope;from 2005;from 2005;from 1989;General OneFile|
T1;All;Scientific American;1972-2003;from 1845;1972-2003;Academic Search Complete|Health Source: Nursing/Academic Edition|
GC1;All;Sea Frontiers;None;None;1971-1996;None
GC1;All;Sea Frontiers, Sea Secrets;None;None;1985-1987;None
HD38;Elizabeth Torres;Security Management;1993-2001;1989-2007;1993-2001;Business Insights: Global|
F868.S5;Lydia Lee;Sierra;1990-2002;from 1990;1980-2002;Science Reference Center|
HQ1101;Jerome Nicolas;Signs;1990-1990;1990-2017;1976-1990;Humanities International Complete|
BUSINESS AND ECONOMICS - PRODUCTION OF GOODS AND SERVICES;Crystal Boyce;Site Selection;None;from 2008;1994-2003;Business Source Complete|
QB1;All;Sky and Telescope;1993-2000;from 1993;1984-2000;Student Resources in Context|
No Call #;All;Small Business Reports;1992-1994;1992-1994;1985-1994;Academic OneFile|
Z678.9.A1;Crystal Boyce;Small Computers in Libraries;1988-1988;1988-1989;1988-1988;General OneFile|
AS30;Trenton Tubbs;Smithsonian;1984-2003;from 1984;1976-2003;EBSCO MasterFILE Complete|
HQ750.A1;Lydia Lee;Social Biology;1998-2003;1998-2006;1987-2003;Taylor & Francis Journals Current Content (1997-present)|
HV1;Elizabeth Torres;Social Casework;None;None;1988-1989;None
BF311;Tim Martin;Social Cognition;None;None;1996-2002;None
H62.A1;Elizabeth Torres;Social Education;2000-2008;2000-2009;1989-2008;Student Resources in Context|
HN51;Elizabeth Torres;Social Policy;1994-2002;1994-2003;1987-2002;Academic OneFile|
SOCIOLOGY;Elizabeth Torres;Social Problems;None;None;1987-2002;None
HM1;Tim Martin;Social Psychology;None;1978-1978;2006-2007;JSTOR Arts & Sciences I Collection|
HM1;Tim Martin;Social Psychology;None;1978-1978;2006-2007;JSTOR Arts & Sciences I Collection|
H1;Elizabeth Torres;Social Research;1990-1990;1990-2017;1987-1990;Academic OneFile|
H1;Elizabeth Torres;Social Science Journal;1990-2002;from 1990;1988-2002;Psychology and Behavioral Sciences Collection|General OneFile|Academic Search Complete|
SOCIAL SERVICES AND WELFARE;Elizabeth Torres;The Social Service Review;None;None;1987-1992;None
LB1584;Elizabeth Torres;Social Studies and the Young Learner;None;None;2004-2007;None
H1;Trenton Tubbs;Social Theory and Practice;1990-1990;from 1990;1987-1990;Academic OneFile|
HV1;Elizabeth Torres;Social Work Abstracts;None;None;2002-2007;None
HV45;Elizabeth Torres;Social Work with Groups;None;from 1998;1991-1996;Taylor & Francis Journals Current Content (1997-present)|
HX1;Elizabeth Torres;Socialist Review;None;from 2002;1988-2001;Open Access eJournals (McGill)|
H1;Elizabeth Torres;Society;None;1992-2017;1971-1991;EBSCO MasterFILE Complete|Points of View Reference Center|
HM1;Elizabeth Torres;Sociological Quarterly;None;None;1990-1991;None
SOCIOLOGY;Elizabeth Torres;Sociology and Social Research;None;None;1987-1992;None
BR115.W6;All;Sojourners;1999-2000;1999-2000;1996-2007;Educators Reference Complete|
TK7872.S4;All;Solid State Technology;1999-2001;from 1989;1999-2001;Business Source Complete|Business Insights: Global|
TK7881.3;Trenton Tubbs;Sound & Vision;None;None;2001-2008;None
BV1460;Trenton Tubbs;Soundings;None;None;1981-2007;None
AP2;Elizabeth Torres;The South Atlantic Quarterly;None;1999-2004;1988-1996;Project Muse Journals Standard Collection|
GN1;Crystal Boyce;Southwestern Journal of Anthropology;None;None;1987-2007;None
AS261;Elizabeth Torres;The Soviet Review;None;None;1990-1992;None
TL787;All;Space World;None;None;1982-1988;None
LIBRARY AND INFORMATION SCIENCES;Crystal Boyce;Special Libraries;1989-1996;1910-1996;1989-1996;Academic OneFile|
GV561;All;Sports Illustrated;1989-2008;from 1954;1989-2008;Academic Search Complete|
TK7881.3;Trenton Tubbs;Stereo Review;None;None;1989-1998;None
TK7881.3;Trenton Tubbs;Stereo Review's Sound & Vision;None;None;2000-2001;None
HD9951;Crystal Boyce;Stores;None;None;1993-1994;None
HD30.28;Crystal Boyce;Strategic Management Journal;None;None;1986-2007;None
HD28;Crystal Boyce;Strategy and Leadership;1996-1997;1996-1997 2001-2014;1996-1999;Business Insights: Global|General OneFile|
PN751;Elizabeth Torres;Studies in Romanticism;None;from 2000;1995-1999;Literature Resource Center|
RC569;Tim Martin;Suicide & Life - Threatening Behavior;None;None;1993-2007;None
HF5549.A2;Crystal Boyce;Supervisory Management;None;None;1993-1996;None
BF1;Matthew Kanekoa;Systems Research and Behavioral Science;1997-2007;1997-2017;1997-2007;General OneFile|Academic OneFile|
DS701;All;Taiwan Review;2003-2007;from 2003;2003-2007;Open Access eJournals (McGill)|
K24;Crystal Boyce;Tax Adviser, The;1995-1997;from 1991;1995-1997;Business Insights: Global|
K24;Crystal Boyce;Tax Management International Journal;None;None;1993-2001;None
KF6272;Crystal Boyce;Taxes;2006-2006;from 2006;1981-2006;Business Collection|
L11;Lisa Hausman;Teachers College Record;None;None;2006-2008;None
HISTORY;Trenton Tubbs;Technology and Culture;1998-1998;from 1998;1977-1998;Project Muse Journals Standard Collection|
T171;All;Technology Review;1990-1997;1984-1997;1990-1999;Educators Reference Complete|
Communications - Telephone And Telegraph;All;Telecommunications International;None;2002-2007;1997-2001;Business Source Complete|
TK5101.A1;All;Telephony;1997-1997;1997-2009;1993-1997;Vocational and Career Collection|
PN1992;All;Television quarterly;2004-2004;from 2004;1996-2004;Open Access eJournals (McGill)|
PE1128.A2;Ruth Hanlon;TESOL Quarterly;None;from 1997;1976-1996;Wiley Online Library All Journals 2018|
General Interest Periodicals - United States;All;Time;1967-2008;from 1923;1967-2008;Military and Government Collection|
RA410.A1;Elizabeth Torres;Topics in Health Care Financing;1992-1994;1992-1994;1988-1994;General OneFile|
HF5549.5.T7;Crystal Boyce;Training;1995-2007;1989-1991 from 1991;1995-2007;Military and Government Collection|Academic OneFile|
G149;Crystal Boyce;Travel & Leisure;None;from 2015;1993-2007;EBSCO MasterFILE Complete|
G149;Crystal Boyce;Travel Holiday;None;None;1989-2003;None
LITERARY AND POLITICAL REVIEWS;Elizabeth Torres;TriQuarterly;1992-1992;1992-2009 from 2010;1987-1992;Academic OneFile|Biography in Context|
Nutrition And Dietetics;All;Tufts University Diet & Nutrition Letter;1996-1997;1988-1997;1996-1998;Cinahl Complete|
HG1;Crystal Boyce;U.S. Banker;1995-2001;1989-2012;1995-2001;Business Source Complete|Academic OneFile|General OneFile|
KZ231;Elizabeth Torres;U.S. Department of State Dispatch;1990-1991;1990-1999;1990-1991;EBSCO MasterFILE Complete|
V1;Tim Martin;U.S. Naval Institute Proceedings;None;from 1999;1978-1988;Military and Government Collection|
General Interest Periodicals - United States;All;U.S. News & World Report;1990-2008;from 1990;1989-2008;Vocational and Career Collection|Military and Government Collection|
JX1977.A1;Elizabeth Torres;UN Chronicle;1988-2003;from 1983;1988-2003;Student Resources in Context|
QH91.A1;All;Underwater Naturalist;1999-2004;from 1999;1997-2004;General OneFile|General OneFile|
HT101;Elizabeth Torres;Urban Affairs Quarterly;None;None;1987-1994;None
HT101;Elizabeth Torres;Urban Affairs Review;1997-1998;1997-1998 from 1999;1995-1998;SAGE Premier 2018|Educators Reference Complete|
PSYCHOLOGY;Tim Martin;The Vocational Guidance Quarterly;None;None;1984-1986;None
HG1;Crystal Boyce;Wall Street Journal;1987-2009;from 1984;1987-2009;The Wall Street Journal|
AP2;Crystal Boyce;Washington Journalism Review;1992-1993;1992-1993;1990-1993;General OneFile|
E838;Elizabeth Torres;Washington Monthly;1985-1990;from 1985;1977-1990;General OneFile|
GR1;All;Western Folklore;None;from 2005;1991-2002;EBSCO Historical Abstracts with Full Text|
GR1;All;Western Folklore;None;from 2005;1991-2002;EBSCO Historical Abstracts with Full Text|
MEDICAL SCIENCES - NURSES AND NURSING;Elizabeth Torres;Western Journal of Nursing Research;1996-1998;1996-1998 from 1999;1996-1998;General OneFile|SAGE Premier 2018|
AP2;Lydia Lee;Whole Earth;1988-1996;1985-1996 1997-2002;1988-1996;Academic Search Complete|EBSCO MasterFILE Complete|
QH1;Lydia Lee;Wilderness;1990-1995;1990-1995 1998-2009;1989-1995;Academic Search Complete|General OneFile|
QL1;All;Wildlife Conservation;None;None;1994-2006;None
HISTORY - HISTORY OF NORTH AND SOUTH AMERICA;Trenton Tubbs;William and Mary Quarterly, The;1988-2007;1892-2012 from 2015;1988-2007;JSTOR Arts & Sciences I Collection|Project Muse Journals Standard Collection|JSTOR Free Early Journal Content|
LIBRARY AND INFORMATION SCIENCES;Crystal Boyce;Wilson Library Bulletin;None;None;1967-1995;None
AS36.W79;Elizabeth Torres;Wilson Quarterly;None;from 1990;1987-1989;Literature Resource Center|
HQ1101;Jerome Nicolas;Working Woman;None;None;1989-2001;None
Z1007;Elizabeth Torres;World Literature Today;None;from 1990;1985-1989;Academic Search Complete|
D839;Elizabeth Torres;World Policy Journal;1993-1993;from 1993;1987-1993;Project Muse Journals Standard Collection|World History in Context|Gale GREENR|
LITERARY AND POLITICAL REVIEWS;Elizabeth Torres;World Press Review;None;None;1984-2000;None
D410;Elizabeth Torres;The World Today;None;from 2008;1987-2007;Points of View Reference Center|
HC79.E5;Lydia Lee;World Watch;1994-2007;1993-2010;1994-2007;Student Resources in Context|